{"cameraMode":{"drawMode":0,"name":"Shaded","section":"Shading Mode"},"sceneLighting":true,"audioPlay":false,"sceneViewState":{"showFog":true,"showMaterialUpdate":true,"showSkybox":true,"showFlares":true,"showImageEffects":true,"showParticleSystems":true},"in2DMode":false,"pivot":{"x":-3.156221389770508,"y":0.0,"z":1.9308736324310303},"rotation":{"x":0.2995629608631134,"y":0.19983132183551789,"z":-0.06431993842124939,"w":0.9306946992874146},"size":40.010372161865237,"orthographic":true}