{"cameraMode":{"drawMode":0,"name":"Shaded","section":"Shading Mode"},"sceneLighting":true,"audioPlay":false,"sceneViewState":{"showFog":true,"showMaterialUpdate":true,"showSkybox":true,"showFlares":true,"showImageEffects":true,"showParticleSystems":true},"in2DMode":false,"pivot":{"x":-0.76953125,"y":0.57403564453125,"z":-3.99755859375},"rotation":{"x":-0.08565132319927216,"y":-0.8024525046348572,"z":0.11881760507822037,"w":-0.5784602761268616},"size":17.87106704711914,"orthographic":true}